source_file,gold_type,gold_group,pred_type,pred_group,status
Blotter_Pic (10).jpg,Theft,,Animal-Related Incident,Community Disturbance,ok (aisingapore/Gemma-SEA-LION-v4.5-E2B-IT via ollama@http://localhost:11434)
Blotter_Pic (100).jpg,Collection of Sum of Money,,Breach of Contract,Civil Dispute,ok (aisingapore/Gemma-SEA-LION-v4.5-E2B-IT via ollama@http://localhost:11434)
Blotter_Pic (102).jpg,Theft,,Theft,Criminal/Penal Code,ok (aisingapore/Gemma-SEA-LION-v4.5-E2B-IT via ollama@http://localhost:11434)
Blotter_Pic (103).jpg,Physical Injury,,Referral to Police/Other Agency,Administrative/Referral,ok (aisingapore/Gemma-SEA-LION-v4.5-E2B-IT via ollama@http://localhost:11434)
Blotter_Pic (11).jpg,Collection of Sum of Money,,Others / Miscellaneous,Catch-all,ok (aisingapore/Gemma-SEA-LION-v4.5-E2B-IT via ollama@http://localhost:11434)
Blotter_Pic (12).jpg,Collection of Sum of Money,,Collection of Sum of Money,Civil Dispute,ok (aisingapore/Gemma-SEA-LION-v4.5-E2B-IT via ollama@http://localhost:11434)
Blotter_Pic (14).jpg,Verbal Altercation / Disturbance,,Public Disturbance,Community Disturbance,ok (aisingapore/Gemma-SEA-LION-v4.5-E2B-IT via ollama@http://localhost:11434)
Blotter_Pic (15).jpg,Physical Injury,,Physical Injury,Criminal/Penal Code,ok (aisingapore/Gemma-SEA-LION-v4.5-E2B-IT via ollama@http://localhost:11434)
Blotter_Pic (16).jpg,Physical Injury,,Family/Sibling Dispute,Family/Domestic,ok (aisingapore/Gemma-SEA-LION-v4.5-E2B-IT via ollama@http://localhost:11434)
Blotter_Pic (17).jpg,Physical Injury,,Physical Injury,Criminal/Penal Code,ok (aisingapore/Gemma-SEA-LION-v4.5-E2B-IT via ollama@http://localhost:11434)
Blotter_Pic (18).jpg,Consumer / Fare Dispute,,Neighbor Dispute,Community Disturbance,ok (aisingapore/Gemma-SEA-LION-v4.5-E2B-IT via ollama@http://localhost:11434)
Blotter_Pic (26).jpg,Theft,,Animal-Related Incident,Community Disturbance,ok (aisingapore/Gemma-SEA-LION-v4.5-E2B-IT via ollama@http://localhost:11434)
Blotter_Pic (27).jpg,Rental / Lease Dispute,,Ejectment,Civil Dispute,ok (aisingapore/Gemma-SEA-LION-v4.5-E2B-IT via ollama@http://localhost:11434)
Blotter_Pic (29).jpg,Collection of Sum of Money,,Others / Miscellaneous,Catch-all,ok (aisingapore/Gemma-SEA-LION-v4.5-E2B-IT via ollama@http://localhost:11434)
Blotter_Pic (30).jpg,Grave Threats,,Grave Threats / Light Threats,Criminal/Penal Code,ok (aisingapore/Gemma-SEA-LION-v4.5-E2B-IT via ollama@http://localhost:11434)
Blotter_Pic (35).jpg,Lost Property / Document,,Lost Property / Document,Property/Lost Items,ok (aisingapore/Gemma-SEA-LION-v4.5-E2B-IT via ollama@http://localhost:11434)
Blotter_Pic (36).jpg,Contract Dispute / Estafa,,Breach of Contract,Civil Dispute,ok (aisingapore/Gemma-SEA-LION-v4.5-E2B-IT via ollama@http://localhost:11434)
Blotter_Pic (37).jpg,Online Defamation / Threat,,Online Defamation / Threat,Criminal/Penal Code,ok (aisingapore/Gemma-SEA-LION-v4.5-E2B-IT via ollama@http://localhost:11434)
Blotter_Pic (39).jpg,Lost Property / Document,,Lost Property / Document,Property/Lost Items,ok (aisingapore/Gemma-SEA-LION-v4.5-E2B-IT via ollama@http://localhost:11434)
Blotter_Pic (42).jpg,Physical Injury,,Coercion,Criminal/Penal Code,ok (aisingapore/Gemma-SEA-LION-v4.5-E2B-IT via ollama@http://localhost:11434)
Blotter_Pic (45).jpg,Theft,,Robbery,Criminal/Penal Code,ok (aisingapore/Gemma-SEA-LION-v4.5-E2B-IT via ollama@http://localhost:11434)
Blotter_Pic (47).jpg,Property Deposit / Safekeeping,,Others / Miscellaneous,Catch-all,ok (aisingapore/Gemma-SEA-LION-v4.5-E2B-IT via ollama@http://localhost:11434)
Blotter_Pic (48).jpg,Collection of Sum of Money,,Property Claim / Damage,Civil Dispute,ok (aisingapore/Gemma-SEA-LION-v4.5-E2B-IT via ollama@http://localhost:11434)
Blotter_Pic (49).jpg,Ejectment,,Ejectment,Civil Dispute,ok (aisingapore/Gemma-SEA-LION-v4.5-E2B-IT via ollama@http://localhost:11434)
Blotter_Pic (5).jpg,Theft,,Theft,Criminal/Penal Code,ok (aisingapore/Gemma-SEA-LION-v4.5-E2B-IT via ollama@http://localhost:11434)
Blotter_Pic (50).jpg,Property Claim / Damage,,Property Claim / Damage,Civil Dispute,ok (aisingapore/Gemma-SEA-LION-v4.5-E2B-IT via ollama@http://localhost:11434)
Blotter_Pic (52).jpg,Theft,,Theft,Criminal/Penal Code,ok (aisingapore/Gemma-SEA-LION-v4.5-E2B-IT via ollama@http://localhost:11434)
Blotter_Pic (53).jpg,Trespassing / Suspicious Persons,,Others / Miscellaneous,Catch-all,ok (aisingapore/Gemma-SEA-LION-v4.5-E2B-IT via ollama@http://localhost:11434)
Blotter_Pic (54).jpg,Vehicular Accident,,Vehicular Incident,Community Disturbance,ok (aisingapore/Gemma-SEA-LION-v4.5-E2B-IT via ollama@http://localhost:11434)
Blotter_Pic (56).jpg,Online Defamation / Threat,,Online Defamation / Threat,Criminal/Penal Code,ok (aisingapore/Gemma-SEA-LION-v4.5-E2B-IT via ollama@http://localhost:11434)
Blotter_Pic (58).jpg,Collection of Sum of Money,,Estafa (Swindling),Criminal/Penal Code,ok (aisingapore/Gemma-SEA-LION-v4.5-E2B-IT via ollama@http://localhost:11434)
Blotter_Pic (60).jpg,Property Claim / Damage,,Malicious Mischief / Property Damage,Criminal/Penal Code,ok (aisingapore/Gemma-SEA-LION-v4.5-E2B-IT via ollama@http://localhost:11434)
Blotter_Pic (61).jpg,RA 9262 (VAWC),,Physical Injury,Criminal/Penal Code,ok (aisingapore/Gemma-SEA-LION-v4.5-E2B-IT via ollama@http://localhost:11434)
Blotter_Pic (62).jpg,Marital Relation,,RA 9262 (VAWC),Family/Domestic,ok (aisingapore/Gemma-SEA-LION-v4.5-E2B-IT via ollama@http://localhost:11434)
Blotter_Pic (65).jpg,Oral Defamation,,Estafa (Swindling),Criminal/Penal Code,ok (aisingapore/Gemma-SEA-LION-v4.5-E2B-IT via ollama@http://localhost:11434)
Blotter_Pic (66).jpg,Theft,,Theft,Criminal/Penal Code,ok (aisingapore/Gemma-SEA-LION-v4.5-E2B-IT via ollama@http://localhost:11434)
Blotter_Pic (67).jpg,RA 9262 (VAWC),,Unjust Vexation,Criminal/Penal Code,ok (aisingapore/Gemma-SEA-LION-v4.5-E2B-IT via ollama@http://localhost:11434)
Blotter_Pic (68).jpg,Property Claim / Damage,,Malicious Mischief / Property Damage,Criminal/Penal Code,ok (aisingapore/Gemma-SEA-LION-v4.5-E2B-IT via ollama@http://localhost:11434)
Blotter_Pic (70).jpg,Property Claim / Damage,,Others / Miscellaneous,Catch-all,ok (aisingapore/Gemma-SEA-LION-v4.5-E2B-IT via ollama@http://localhost:11434)
Blotter_Pic (72).jpg,Vehicular Accident,,Animal-Related Incident,Community Disturbance,ok (aisingapore/Gemma-SEA-LION-v4.5-E2B-IT via ollama@http://localhost:11434)
Blotter_Pic (73).jpg,Physical Injury,,Physical Injury,Criminal/Penal Code,ok (aisingapore/Gemma-SEA-LION-v4.5-E2B-IT via ollama@http://localhost:11434)
Blotter_Pic (74).jpg,Theft,,Malicious Mischief / Property Damage,Criminal/Penal Code,ok (aisingapore/Gemma-SEA-LION-v4.5-E2B-IT via ollama@http://localhost:11434)
Blotter_Pic (75).jpg,Molestation,,Peeping/Voyeurism,Criminal/Penal Code,ok (aisingapore/Gemma-SEA-LION-v4.5-E2B-IT via ollama@http://localhost:11434)
Blotter_Pic (76).jpg,Property Claim / Damage,,Neighbor Dispute,Community Disturbance,ok (aisingapore/Gemma-SEA-LION-v4.5-E2B-IT via ollama@http://localhost:11434)
Blotter_Pic (77).jpg,Property Claim / Damage,,Vehicular Incident,Community Disturbance,ok (aisingapore/Gemma-SEA-LION-v4.5-E2B-IT via ollama@http://localhost:11434)
Blotter_Pic (80).jpg,Lost Property / Document,,Lost Property / Document,Property/Lost Items,ok (aisingapore/Gemma-SEA-LION-v4.5-E2B-IT via ollama@http://localhost:11434)
Blotter_Pic (82).jpg,Physical Injury,,Robbery,Criminal/Penal Code,ok (aisingapore/Gemma-SEA-LION-v4.5-E2B-IT via ollama@http://localhost:11434)
Blotter_Pic (83).jpg,Collection of Sum of Money,,Collection of Sum of Money,Civil Dispute,ok (aisingapore/Gemma-SEA-LION-v4.5-E2B-IT via ollama@http://localhost:11434)
Blotter_Pic (85).jpg,Lost Property / Document,,Lost Property / Document,Property/Lost Items,ok (aisingapore/Gemma-SEA-LION-v4.5-E2B-IT via ollama@http://localhost:11434)
Blotter_Pic (86).jpg,Online Defamation / Threat,,Online Defamation / Threat,Criminal/Penal Code,ok (aisingapore/Gemma-SEA-LION-v4.5-E2B-IT via ollama@http://localhost:11434)
Blotter_Pic (89).jpg,Neighbor / Nuisance Complaint,,Neighbor Dispute,Community Disturbance,ok (aisingapore/Gemma-SEA-LION-v4.5-E2B-IT via ollama@http://localhost:11434)
Blotter_Pic (9).jpg,Molestation,,Oral Defamation,Criminal/Penal Code,ok (aisingapore/Gemma-SEA-LION-v4.5-E2B-IT via ollama@http://localhost:11434)
Blotter_Pic (91).jpg,Collection of Sum of Money,,Estafa (Swindling),Criminal/Penal Code,ok (aisingapore/Gemma-SEA-LION-v4.5-E2B-IT via ollama@http://localhost:11434)
Blotter_Pic (92).jpg,Threats / Coercion (Financial),,Property Claim / Damage,Civil Dispute,ok (aisingapore/Gemma-SEA-LION-v4.5-E2B-IT via ollama@http://localhost:11434)
Blotter_Pic (93).jpg,Property Claim / Damage,,Property Claim / Damage,Civil Dispute,ok (aisingapore/Gemma-SEA-LION-v4.5-E2B-IT via ollama@http://localhost:11434)
Blotter_Pic (94).jpg,Theft,,Theft,Criminal/Penal Code,ok (aisingapore/Gemma-SEA-LION-v4.5-E2B-IT via ollama@http://localhost:11434)
Blotter_Pic (95).jpg,Oral Defamation,,RA 9262 (VAWC),Family/Domestic,ok (aisingapore/Gemma-SEA-LION-v4.5-E2B-IT via ollama@http://localhost:11434)
Blotter_Pic (96).jpg,Physical Injury,,Others / Miscellaneous,Catch-all,ok (aisingapore/Gemma-SEA-LION-v4.5-E2B-IT via ollama@http://localhost:11434)
